cpu_usage,mse
4.356013,0.0382811464369297
4.2359767,0.0382811464369297
4.1475835,0.0382811464369297
4.079992,0.0382811464369297
4.1029973,0.0382811464369297
4.172345,0.0382811464369297
4.2773447,0.0382811464369297
4.3572865,0.0382811464369297
4.413398,0.0382811464369297
4.4491854,0.0382811464369297
