memory_usage,mse
5149349000.0,0.07422693818807602
4938996700.0,0.07422693818807602
4818327600.0,0.07422693818807602
4935273500.0,0.07422693818807602
5097754600.0,0.07422693818807602
5337891300.0,0.07422693818807602
5617459700.0,0.07422693818807602
5778326500.0,0.07422693818807602
5849933000.0,0.07422693818807602
5839561000.0,0.07422693818807602
