cpu_usage,mse
5.19538,0.019454719498753548
5.231729,0.019454719498753548
5.212087,0.019454719498753548
5.072025,0.019454719498753548
5.075511,0.019454719498753548
5.0808005,0.019454719498753548
5.061441,0.019454719498753548
5.113995,0.019454719498753548
5.102245,0.019454719498753548
5.087773,0.019454719498753548
