cpu_usage,mse
4.7509437,0.062298502773046494
4.721367,0.062298502773046494
4.628172,0.062298502773046494
4.571846,0.062298502773046494
4.533837,0.062298502773046494
4.505445,0.062298502773046494
4.4969006,0.062298502773046494
4.499998,0.062298502773046494
4.496707,0.062298502773046494
4.497315,0.062298502773046494
