memory_usage,mse
5205205000.0,0.0077751209028065205
4793386000.0,0.0077751209028065205
4604484000.0,0.0077751209028065205
4455317000.0,0.0077751209028065205
4292918000.0,0.0077751209028065205
4259616300.0,0.0077751209028065205
4420774000.0,0.0077751209028065205
4769115600.0,0.0077751209028065205
4708588000.0,0.0077751209028065205
4695695400.0,0.0077751209028065205
