memory_usage,mse
4589250000.0,0.05976526066660881
4269069300.0,0.05976526066660881
4352933400.0,0.05976526066660881
4422892500.0,0.05976526066660881
4879831000.0,0.05976526066660881
5346035700.0,0.05976526066660881
5790432000.0,0.05976526066660881
5768010000.0,0.05976526066660881
5807506000.0,0.05976526066660881
5716783600.0,0.05976526066660881
