cpu_usage,mse
4.562459,0.004804794676601887
4.259227,0.004804794676601887
4.1157765,0.004804794676601887
4.0042276,0.004804794676601887
3.8938527,0.004804794676601887
3.8622422,0.004804794676601887
3.9836621,0.004804794676601887
4.2413945,0.004804794676601887
4.195854,0.004804794676601887
4.1853466,0.004804794676601887
