memory_usage,mse
5118082600.0,0.00743834488093853
4714136000.0,0.00743834488093853
4531640000.0,0.00743834488093853
4394150400.0,0.00743834488093853
4250249700.0,0.00743834488093853
4227273500.0,0.00743834488093853
4379838000.0,0.00743834488093853
4696311000.0,0.00743834488093853
4645141500.0,0.00743834488093853
4638782500.0,0.00743834488093853
