cpu_usage,mse
4.207604,0.08352790027856827
4.085216,0.08352790027856827
3.9768414,0.08352790027856827
3.9306436,0.08352790027856827
3.9274225,0.08352790027856827
3.973061,0.08352790027856827
4.044651,0.08352790027856827
4.098831,0.08352790027856827
4.1348267,0.08352790027856827
4.160705,0.08352790027856827
