cpu_usage,mse
4.4768877,0.005603849422186613
4.1616054,0.005603849422186613
4.0161905,0.005603849422186613
3.9060547,0.005603849422186613
3.7980642,0.005603849422186613
3.7659614,0.005603849422186613
3.8799803,0.005603849422186613
4.1225204,0.005603849422186613
4.077462,0.005603849422186613
4.068793,0.005603849422186613
