memory_usage,mse
5184864000.0,0.02936812862753868
4663761000.0,0.02936812862753868
4394896000.0,0.02936812862753868
4197151500.0,0.02936812862753868
4406650400.0,0.02936812862753868
4917312500.0,0.02936812862753868
5504392700.0,0.02936812862753868
5816183000.0,0.02936812862753868
6029496000.0,0.02936812862753868
6091466000.0,0.02936812862753868
