cpu_usage,mse
4.392864,0.06094815209507942
4.2903833,0.06094815209507942
4.2398043,0.06094815209507942
4.2210016,0.06094815209507942
4.2299356,0.06094815209507942
4.252757,0.06094815209507942
4.280355,0.06094815209507942
4.2688007,0.06094815209507942
4.2736945,0.06094815209507942
4.2765727,0.06094815209507942
