memory_usage,mse
5849302500.0,0.024272212758660316
5698672000.0,0.024272212758660316
5531220000.0,0.024272212758660316
5438153000.0,0.024272212758660316
5396437000.0,0.024272212758660316
5420486700.0,0.024272212758660316
5460843500.0,0.024272212758660316
5447260000.0,0.024272212758660316
5450924000.0,0.024272212758660316
5455295500.0,0.024272212758660316
