memory_usage,mse
5779619300.0,0.04449385777115822
5651899400.0,0.04449385777115822
5395480000.0,0.04449385777115822
5317389000.0,0.04449385777115822
5272202000.0,0.04449385777115822
5229995500.0,0.04449385777115822
5399719400.0,0.04449385777115822
5601713700.0,0.04449385777115822
5671215600.0,0.04449385777115822
5732629500.0,0.04449385777115822
