memory_usage,mse
6111115300.0,0.01372603327035904
6186748400.0,0.01372603327035904
6097553400.0,0.01372603327035904
5916427000.0,0.01372603327035904
5921474600.0,0.01372603327035904
5925816000.0,0.01372603327035904
5884592600.0,0.01372603327035904
5968227000.0,0.01372603327035904
5949909500.0,0.01372603327035904
5925052000.0,0.01372603327035904
