cpu_usage,mse
4.4359097,0.03955395892262459
4.3779964,0.03955395892262459
4.292288,0.03955395892262459
4.218662,0.03955395892262459
4.16528,0.03955395892262459
4.129454,0.03955395892262459
4.1085143,0.03955395892262459
4.094718,0.03955395892262459
4.08386,0.03955395892262459
4.0764513,0.03955395892262459
